Strategy,Metric,Multipath-NADA,Aggregated-NADA,Improvement (%)
Dynamic RTT Weights,Throughput (Mbps),17.31900909090909,9.747748121153846,77.67189791583404
Dynamic RTT Weights,Delay (seconds),0.08923715,0.08958650192307692,0.38996044669417695
Dynamic RTT Weights,Loss (%),0.0,0.0,
Dynamic RTT Weights,Jitter (seconds),1.4265032991481923e-06,8.777445389384615e-06,83.74808118005046
Dynamic RTT Weights,Estimated MOS (1-5),4.642947463503178,4.6410147039268015,0.04164519398616919
Dynamic RTT Weights,Throughput Stability (stddev),22.525101204388452,10.118858404317423,-122.60516260191609
Dynamic RTT Weights,Path Utilization Ratio (%),72.16253787878787,,
Dynamic RTT Weights,Delivery Efficiency (%),0.0,0.0,
Dynamic RTT Weights,Buffer Length (ms),320.453,470.167,-31.842728222099808
Dynamic RTT Weights,Buffer Underruns,10.0,15.0,33.33333333333333
Weighted Best Path,Throughput (Mbps),21.167677777777776,9.747748121153846,117.15454189713046
Weighted Best Path,Delay (seconds),0.08960549999999999,0.08958650192307692,-0.02120640555804259
Weighted Best Path,Loss (%),0.0,0.0,
Weighted Best Path,Jitter (seconds),1.43967243111412e-06,8.777445389384615e-06,83.59804741302919
Weighted Best Path,Estimated MOS (1-5),4.641473146410953,4.6410147039268015,0.009878065754967745
Weighted Best Path,Throughput Stability (stddev),23.209416156578815,10.118858404317423,-129.3679309384943
Weighted Best Path,Path Utilization Ratio (%),88.1986574074074,,
Weighted Best Path,Delivery Efficiency (%),0.0,0.0,
Weighted Best Path,Buffer Length (ms),320.453,470.167,-31.842728222099808
Weighted Best Path,Buffer Underruns,10.0,15.0,33.33333333333333
Round Robin,Throughput (Mbps),17.227387636363634,9.747748121153846,76.73197360299068
Round Robin,Delay (seconds),0.08923706346153847,0.08958650192307692,0.39005704435083055
Round Robin,Loss (%),0.0,0.0,
Round Robin,Jitter (seconds),1.3076615683789616e-06,8.777445389384615e-06,85.10202558525242
Round Robin,Estimated MOS (1-5),4.642956468578645,4.6410147039268015,0.04183922645624562
Round Robin,Throughput Stability (stddev),22.594548109636214,10.118858404317423,-123.29147426349772
Round Robin,Path Utilization Ratio (%),71.78078181818181,,
Round Robin,Delivery Efficiency (%),0.0,0.0,
Round Robin,Buffer Length (ms),0.0,470.167,-100.0
Round Robin,Buffer Underruns,1.0,15.0,93.33333333333333
Frame Aware,Throughput (Mbps),17.227387636363634,9.747748121153846,76.73197360299068
Frame Aware,Delay (seconds),0.08923706346153847,0.08958650192307692,0.39005704435083055
Frame Aware,Loss (%),0.0,0.0,
Frame Aware,Jitter (seconds),1.3076615683789616e-06,8.777445389384615e-06,85.10202558525242
Frame Aware,Estimated MOS (1-5),4.642956468578645,4.6410147039268015,0.04183922645624562
Frame Aware,Throughput Stability (stddev),22.594548110009324,10.118858404317423,-123.29147426718498
Frame Aware,Path Utilization Ratio (%),71.78078181818181,,
Frame Aware,Delivery Efficiency (%),0.0,0.0,
Frame Aware,Buffer Length (ms),0.0,470.167,-100.0
Frame Aware,Buffer Underruns,1.0,15.0,93.33333333333333
Buffer_Aware,Throughput (Mbps),17.227387636363634,9.747748121153846,76.73197360299068
Buffer_Aware,Delay (seconds),0.08923706346153847,0.08958650192307692,0.39005704435083055
Buffer_Aware,Loss (%),0.0,0.0,
Buffer_Aware,Jitter (seconds),1.3076615683789616e-06,8.777445389384615e-06,85.10202558525242
Buffer_Aware,Estimated MOS (1-5),4.642956468578645,4.6410147039268015,0.04183922645624562
Buffer_Aware,Throughput Stability (stddev),22.594548110009324,10.118858404317423,-123.29147426718498
Buffer_Aware,Path Utilization Ratio (%),71.78078181818181,,
Buffer_Aware,Delivery Efficiency (%),0.0,0.0,
Buffer_Aware,Buffer Length (ms),0.0,470.167,-100.0
Buffer_Aware,Buffer Underruns,1.0,15.0,93.33333333333333
