Strategy,Metric,Multipath-NADA,Aggregated-NADA,Improvement (%)
Dynamic RTT Weights,Throughput (Mbps),47.99349909090909,20.714587956818182,131.68937364796622
Dynamic RTT Weights,Delay (seconds),0.05818560909090909,0.058382468181818185,0.3371887092817367
Dynamic RTT Weights,Loss (%),0.0,0.0,
Dynamic RTT Weights,Jitter (seconds),9.756586493499568e-07,3.9259928592727275e-06,75.14874111282278
Dynamic RTT Weights,Estimated MOS (1-5),4.767184052487838,4.7661743845762405,0.021184032100571452
Dynamic RTT Weights,Throughput Stability (stddev),79.75540412810753,29.05189803373978,-174.52734425641526
Dynamic RTT Weights,Path Utilization Ratio (%),2.9625616722783388,,
Dynamic RTT Weights,Delivery Efficiency (%),0.0,0.0,
Dynamic RTT Weights,Buffer Length (ms),352.239,454.605,-22.51757019830403
Dynamic RTT Weights,Buffer Underruns,11.0,15.0,26.666666666666668
Weighted Best Path,Throughput (Mbps),58.65872111111111,20.714587956818182,183.17590112529206
Weighted Best Path,Delay (seconds),0.06000327857142858,0.058382468181818185,-2.776193676092569
Weighted Best Path,Loss (%),0.0,0.0,
Weighted Best Path,Jitter (seconds),9.659840612237641e-07,3.9259928592727275e-06,75.39516509964544
Weighted Best Path,Estimated MOS (1-5),4.759914243966245,4.7661743845762405,-0.13134518598929504
Weighted Best Path,Throughput Stability (stddev),84.5514470053263,29.05189803373978,-191.03587967688526
Weighted Best Path,Path Utilization Ratio (%),3.6209087105624143,,
Weighted Best Path,Delivery Efficiency (%),0.0,0.0,
Weighted Best Path,Buffer Length (ms),352.239,454.605,-22.51757019830403
Weighted Best Path,Buffer Underruns,11.0,15.0,26.666666666666668
Round Robin,Throughput (Mbps),58.358479570666674,20.714587956818182,181.72648035443086
Round Robin,Delay (seconds),0.05818556363636363,0.058382468181818185,0.337266565780231
Round Robin,Loss (%),0.0,0.0,
Round Robin,Jitter (seconds),9.111322857135931e-07,3.9259928592727275e-06,76.79230914642122
Round Robin,Estimated MOS (1-5),4.767189096051336,4.7661743845762405,0.021289852053652275
Round Robin,Throughput Stability (stddev),84.75677988213171,29.05189803373978,-191.74265923589016
Round Robin,Path Utilization Ratio (%),3.6023752821399184,,
Round Robin,Delivery Efficiency (%),0.0,0.0,
Round Robin,Buffer Length (ms),0.0,454.605,-100.0
Round Robin,Buffer Underruns,1.0,15.0,93.33333333333333
Frame Aware,Throughput (Mbps),52.52264294730001,20.714587956818182,153.55388703260326
Frame Aware,Delay (seconds),0.05818556136363637,0.058382468181818185,0.3372704586051391
Frame Aware,Loss (%),0.0,0.0,
Frame Aware,Jitter (seconds),9.024050129863205e-07,3.9259928592727275e-06,77.01460381276681
Frame Aware,Estimated MOS (1-5),4.767189762699796,4.7661743845762405,0.02130383913020885
Frame Aware,Throughput Stability (stddev),82.29127210251482,29.05189803373978,-183.25609571858212
Frame Aware,Path Utilization Ratio (%),3.242138453537038,,
Frame Aware,Delivery Efficiency (%),0.0,0.0,
Frame Aware,Buffer Length (ms),0.0,454.605,-100.0
Frame Aware,Buffer Underruns,1.0,15.0,93.33333333333333
Buffer_Aware,Throughput (Mbps),58.358479570666674,20.714587956818182,181.72648035443086
Buffer_Aware,Delay (seconds),0.05818556363636363,0.058382468181818185,0.337266565780231
Buffer_Aware,Loss (%),0.0,0.0,
Buffer_Aware,Jitter (seconds),9.111322857135931e-07,3.9259928592727275e-06,76.79230914642122
Buffer_Aware,Estimated MOS (1-5),4.767189096051336,4.7661743845762405,0.021289852053652275
Buffer_Aware,Throughput Stability (stddev),84.75677988213171,29.05189803373978,-191.74265923589016
Buffer_Aware,Path Utilization Ratio (%),3.6023752821399184,,
Buffer_Aware,Delivery Efficiency (%),0.0,0.0,
Buffer_Aware,Buffer Length (ms),0.0,454.605,-100.0
Buffer_Aware,Buffer Underruns,1.0,15.0,93.33333333333333
