Strategy,Metric,Multipath-NADA,Aggregated-NADA,Improvement (%)
Dynamic RTT Weights,Throughput (Mbps),24.231548636363637,13.0863896125,85.16603397791155
Dynamic RTT Weights,Delay (seconds),0.0880458025,0.089690055,1.8332606664139057
Dynamic RTT Weights,Loss (%),0.0,0.0,
Dynamic RTT Weights,Jitter (seconds),2.036207787710895e-05,5.0566413072975e-05,59.732010558622406
Dynamic RTT Weights,Estimated MOS (1-5),4.646331247408812,4.637557291303735,0.1891934816962661
Dynamic RTT Weights,Throughput Stability (stddev),39.53084828366708,16.984880420557644,-132.74139884918432
Dynamic RTT Weights,Path Utilization Ratio (%),10.769577171717172,,
Dynamic RTT Weights,Delivery Efficiency (%),0.0,0.0,
Dynamic RTT Weights,Buffer Length (ms),336.125,473.368,-28.99287657805344
Dynamic RTT Weights,Buffer Underruns,19.0,14.0,-35.714285714285715
Weighted Best Path,Throughput (Mbps),29.61633722222222,13.0863896125,126.31404152855853
Weighted Best Path,Delay (seconds),0.09057047631578947,0.089690055,-0.9816264643716299
Weighted Best Path,Loss (%),0.0,0.0,
Weighted Best Path,Jitter (seconds),2.0898163554851525e-05,5.0566413072975e-05,58.67184899056947
Weighted Best Path,Estimated MOS (1-5),4.636197662182637,4.637557291303735,-0.0293177859742621
Weighted Best Path,Throughput Stability (stddev),41.838893630370684,16.984880420557644,-146.33022190566024
Weighted Best Path,Path Utilization Ratio (%),13.162816543209876,,
Weighted Best Path,Delivery Efficiency (%),0.0,0.0,
Weighted Best Path,Buffer Length (ms),336.125,473.368,-28.99287657805344
Weighted Best Path,Buffer Underruns,19.0,14.0,-35.714285714285715
Round Robin,Throughput (Mbps),29.467372540333333,13.0863896125,125.17572388480906
Round Robin,Delay (seconds),0.08804351499999999,0.089690055,1.8358111164052868
Round Robin,Loss (%),0.0,0.0,
Round Robin,Jitter (seconds),1.790399037710805e-05,5.0566413072975e-05,64.59311766632551
Round Robin,Estimated MOS (1-5),4.646519727189458,4.637557291303735,0.19325768551751893
Round Robin,Throughput Stability (stddev),41.945366488068636,16.984880420557644,-146.95709036196732
Round Robin,Path Utilization Ratio (%),13.096610017925926,,
Round Robin,Delivery Efficiency (%),0.0,0.0,
Round Robin,Buffer Length (ms),0.0,473.368,-100.0
Round Robin,Buffer Underruns,1.0,14.0,92.85714285714286
Frame Aware,Throughput (Mbps),26.52095774,13.0863896125,102.66061553499388
Frame Aware,Delay (seconds),0.08804351499999999,0.089690055,1.8358111164052868
Frame Aware,Loss (%),0.0,0.0,
Frame Aware,Jitter (seconds),1.790399037710805e-05,5.0566413072975e-05,64.59311766632551
Frame Aware,Estimated MOS (1-5),4.646519727189458,4.637557291303735,0.19325768551751893
Frame Aware,Throughput Stability (stddev),40.762784920486496,16.984880420557644,-139.99453579401876
Frame Aware,Path Utilization Ratio (%),11.787092328888889,,
Frame Aware,Delivery Efficiency (%),0.0,0.0,
Frame Aware,Buffer Length (ms),0.0,473.368,-100.0
Frame Aware,Buffer Underruns,1.0,14.0,92.85714285714286
Buffer_Aware,Throughput (Mbps),29.467372540333333,13.0863896125,125.17572388480906
Buffer_Aware,Delay (seconds),0.08804351499999999,0.089690055,1.8358111164052868
Buffer_Aware,Loss (%),0.0,0.0,
Buffer_Aware,Jitter (seconds),1.790399037710805e-05,5.0566413072975e-05,64.59311766632551
Buffer_Aware,Estimated MOS (1-5),4.646519727189458,4.637557291303735,0.19325768551751893
Buffer_Aware,Throughput Stability (stddev),41.945366488068636,16.984880420557644,-146.95709036196732
Buffer_Aware,Path Utilization Ratio (%),13.096610017925926,,
Buffer_Aware,Delivery Efficiency (%),0.0,0.0,
Buffer_Aware,Buffer Length (ms),0.0,473.368,-100.0
Buffer_Aware,Buffer Underruns,1.0,14.0,92.85714285714286
