Strategy,Metric,Multipath-NADA,Aggregated-NADA,Improvement (%)
Dynamic RTT Weights,Throughput (Mbps),19.99582649090909,7.6528219825,161.28696756091162
Dynamic RTT Weights,Delay (seconds),0.7272823681818181,0.7275881090909091,0.04202115252721467
Dynamic RTT Weights,Loss (%),4.346714493181818,1.8334378,-137.08000855997503
Dynamic RTT Weights,Jitter (seconds),8.874903996851137e-07,8.022724351495455e-06,88.93779268984004
Dynamic RTT Weights,Estimated MOS (1-5),1.8537702361919115,1.9895987010100438,-6.826927698996653
Dynamic RTT Weights,Throughput Stability (stddev),40.498763804073455,15.110186537786602,-168.0229241564735
Dynamic RTT Weights,Path Utilization Ratio (%),1.5869703564213564,,
Dynamic RTT Weights,Delivery Efficiency (%),0.0,0.0,
Dynamic RTT Weights,Buffer Length (ms),334.525,471.988,-29.124257396374485
Dynamic RTT Weights,Buffer Underruns,7.0,15.0,53.333333333333336
Weighted Best Path,Throughput (Mbps),24.439343377777774,7.6528219825,219.35073667810582
Weighted Best Path,Delay (seconds),0.7600092476190476,0.7275881090909091,-4.4559742144009755
Weighted Best Path,Loss (%),4.553700897619048,1.8334378,-148.36953277711672
Weighted Best Path,Jitter (seconds),8.816063710986904e-07,8.022724351495455e-06,89.01113471592282
Weighted Best Path,Estimated MOS (1-5),1.741380716266576,1.9895987010100438,-12.475781403428588
Weighted Best Path,Throughput Stability (stddev),43.54390699486295,15.110186537786602,-188.17584009284792
Weighted Best Path,Path Utilization Ratio (%),1.9396304268077598,,
Weighted Best Path,Delivery Efficiency (%),0.0,0.0,
Weighted Best Path,Buffer Length (ms),334.525,471.988,-29.124257396374485
Weighted Best Path,Buffer Underruns,7.0,15.0,53.333333333333336
Round Robin,Throughput (Mbps),24.23930931511111,7.6528219825,216.73687654750188
Round Robin,Delay (seconds),0.7272823136363636,0.7275881090909091,0.042028649276241344
Round Robin,Loss (%),4.346714493181818,1.8334378,-137.08000855997503
Round Robin,Jitter (seconds),7.806458542305682e-07,8.022724351495455e-06,90.26956654586975
Round Robin,Estimated MOS (1-5),1.8537722313985996,1.9895987010100438,-6.826827417131416
Round Robin,Throughput Stability (stddev),43.6536971983364,15.110186537786602,-188.9024373668054
Round Robin,Path Utilization Ratio (%),1.9237547075485009,,
Round Robin,Delivery Efficiency (%),0.0,0.0,
Round Robin,Buffer Length (ms),0.0,471.988,-100.0
Round Robin,Buffer Underruns,1.0,15.0,93.33333333333333
Frame Aware,Throughput (Mbps),21.8153897173,7.6528219825,185.0633369910614
Frame Aware,Delay (seconds),0.7272823136363636,0.7275881090909091,0.042028649276241344
Frame Aware,Loss (%),4.346714493181818,1.8334378,-137.08000855997503
Frame Aware,Jitter (seconds),7.806458542305682e-07,8.022724351495455e-06,90.26956654586975
Frame Aware,Estimated MOS (1-5),1.8537722313985996,1.9895987010100438,-6.826827417131416
Frame Aware,Throughput Stability (stddev),42.04710723860425,15.110186537786602,-178.26994149579485
Frame Aware,Path Utilization Ratio (%),1.7313801362936507,,
Frame Aware,Delivery Efficiency (%),0.0,0.0,
Frame Aware,Buffer Length (ms),0.0,471.988,-100.0
Frame Aware,Buffer Underruns,1.0,15.0,93.33333333333333
Buffer_Aware,Throughput (Mbps),24.23930931511111,7.6528219825,216.73687654750188
Buffer_Aware,Delay (seconds),0.7272823136363636,0.7275881090909091,0.042028649276241344
Buffer_Aware,Loss (%),4.346714493181818,1.8334378,-137.08000855997503
Buffer_Aware,Jitter (seconds),7.806458542305682e-07,8.022724351495455e-06,90.26956654586975
Buffer_Aware,Estimated MOS (1-5),1.8537722313985996,1.9895987010100438,-6.826827417131416
Buffer_Aware,Throughput Stability (stddev),43.6536971983364,15.110186537786602,-188.9024373668054
Buffer_Aware,Path Utilization Ratio (%),1.9237547075485009,,
Buffer_Aware,Delivery Efficiency (%),0.0,0.0,
Buffer_Aware,Buffer Length (ms),0.0,471.988,-100.0
Buffer_Aware,Buffer Underruns,1.0,15.0,93.33333333333333
