Strategy,Metric,Multipath-NADA,Aggregated-NADA,Improvement (%)
Dynamic RTT Weights,Throughput (Mbps),104.187736,52.880973440000005,97.02310532958296
Dynamic RTT Weights,Delay (seconds),0.015601142500000002,0.0156610275,0.3823823181461057
Dynamic RTT Weights,Loss (%),0.0,0.0,
Dynamic RTT Weights,Jitter (seconds),2.566402515615e-07,1.153559875175e-06,77.752325034488
Dynamic RTT Weights,Estimated MOS (1-5),4.937575219090366,4.93726505048462,0.006282194749006217
Dynamic RTT Weights,Throughput Stability (stddev),140.89334641150305,58.49180179669646,-140.87708376844793
Dynamic RTT Weights,Path Utilization Ratio (%),1.9294025185185186,,
Dynamic RTT Weights,Delivery Efficiency (%),0.0,0.0,
Dynamic RTT Weights,Buffer Length (ms),5710.92,1109.7,414.63638821303056
Dynamic RTT Weights,Buffer Underruns,0.0,6.0,100.0
Weighted Best Path,Throughput (Mbps),127.34056622222222,52.880973440000005,140.80601762504583
Weighted Best Path,Delay (seconds),0.015790426315789474,0.0156610275,-0.8262472930941057
Weighted Best Path,Loss (%),0.0,0.0,
Weighted Best Path,Jitter (seconds),2.574496069068421e-07,1.153559875175e-06,77.68216349690682
Weighted Best Path,Estimated MOS (1-5),4.9368180239874135,4.93726505048462,-0.009054132047511548
Weighted Best Path,Throughput Stability (stddev),145.99440630622004,58.49180179669646,-149.59806643273149
Weighted Best Path,Path Utilization Ratio (%),2.358158633744856,,
Weighted Best Path,Delivery Efficiency (%),0.0,0.0,
Weighted Best Path,Buffer Length (ms),5710.92,1109.7,414.63638821303056
Weighted Best Path,Buffer Underruns,0.0,6.0,100.0
Round Robin,Throughput (Mbps),103.67307067563637,52.880973440000005,96.04985296510525
Round Robin,Delay (seconds),0.0156011325,0.0156610275,0.3824461709169515
Round Robin,Loss (%),0.0,0.0,
Round Robin,Jitter (seconds),2.319170015615e-07,1.153559875175e-06,79.89553844993809
Round Robin,Estimated MOS (1-5),4.937577206093305,4.93726505048462,0.006322439761553791
Round Robin,Throughput Stability (stddev),141.26896911370798,58.49180179669646,-141.51926385295022
Round Robin,Path Utilization Ratio (%),1.9198716791784514,,
Round Robin,Delivery Efficiency (%),0.0,0.0,
Round Robin,Buffer Length (ms),0.0,1109.7,-100.0
Round Robin,Buffer Underruns,1.0,6.0,83.33333333333334
Frame Aware,Throughput (Mbps),103.67307067563637,52.880973440000005,96.04985296510525
Frame Aware,Delay (seconds),0.0156011325,0.0156610275,0.3824461709169515
Frame Aware,Loss (%),0.0,0.0,
Frame Aware,Jitter (seconds),2.319170015615e-07,1.153559875175e-06,79.89553844993809
Frame Aware,Estimated MOS (1-5),4.937577206093305,4.93726505048462,0.006322439761553791
Frame Aware,Throughput Stability (stddev),141.26896911370798,58.49180179669646,-141.51926385295022
Frame Aware,Path Utilization Ratio (%),1.9198716791784514,,
Frame Aware,Delivery Efficiency (%),0.0,0.0,
Frame Aware,Buffer Length (ms),0.0,1109.7,-100.0
Frame Aware,Buffer Underruns,1.0,6.0,83.33333333333334
Buffer_Aware,Throughput (Mbps),103.67307067554545,52.880973440000005,96.04985296493331
Buffer_Aware,Delay (seconds),0.0156011325,0.0156610275,0.3824461709169515
Buffer_Aware,Loss (%),0.0,0.0,
Buffer_Aware,Jitter (seconds),2.319170015615e-07,1.153559875175e-06,79.89553844993809
Buffer_Aware,Estimated MOS (1-5),4.937577206093305,4.93726505048462,0.006322439761553791
Buffer_Aware,Throughput Stability (stddev),141.26896911382775,58.49180179669646,-141.51926385315497
Buffer_Aware,Path Utilization Ratio (%),1.9198716791767676,,
Buffer_Aware,Delivery Efficiency (%),0.0,0.0,
Buffer_Aware,Buffer Length (ms),0.0,1109.7,-100.0
Buffer_Aware,Buffer Underruns,1.0,6.0,83.33333333333334
