Strategy,Metric,Multipath-NADA,Aggregated-NADA,Improvement (%)
Dynamic RTT Weights,Throughput (Mbps),54.76486601818181,29.553548754999998,85.3072416858786
Dynamic RTT Weights,Delay (seconds),0.032002117499999996,0.0321106175,0.3378944674608155
Dynamic RTT Weights,Loss (%),0.0,0.0,
Dynamic RTT Weights,Jitter (seconds),4.4201263172430247e-07,2.17946236489e-06,79.71918951917247
Dynamic RTT Weights,Estimated MOS (1-5),4.8719573006166765,4.8713887717213975,0.011670776485329248
Dynamic RTT Weights,Throughput Stability (stddev),80.27492785972008,35.4299624218904,-126.5735619581753
Dynamic RTT Weights,Path Utilization Ratio (%),1.901557847853535,,
Dynamic RTT Weights,Delivery Efficiency (%),0.0,0.0,
Dynamic RTT Weights,Buffer Length (ms),676.235,815.325,-17.05945481863061
Dynamic RTT Weights,Buffer Underruns,2.0,12.0,83.33333333333334
Weighted Best Path,Throughput (Mbps),66.93483555555555,29.553548754999998,126.48662639619963
Weighted Best Path,Delay (seconds),0.03263343157894737,0.0321106175,-1.6281657584048825
Weighted Best Path,Loss (%),0.0,0.0,
Weighted Best Path,Jitter (seconds),4.4647371760452893e-07,2.17946236489e-06,79.51450207184179
Weighted Best Path,Estimated MOS (1-5),4.869431721384363,4.8713887717213975,-0.04017438206523029
Weighted Best Path,Throughput Stability (stddev),84.03399462054219,35.4299624218904,-137.18341447808533
Weighted Best Path,Path Utilization Ratio (%),2.3241262345679012,,
Weighted Best Path,Delivery Efficiency (%),0.0,0.0,
Weighted Best Path,Buffer Length (ms),676.235,815.325,-17.05945481863061
Weighted Best Path,Buffer Underruns,2.0,12.0,83.33333333333334
Round Robin,Throughput (Mbps),54.37376384727273,29.553548754999998,83.983873808297
Round Robin,Delay (seconds),0.032002094999999994,0.0321106175,0.3379645377420925
Round Robin,Loss (%),0.0,0.0,
Round Robin,Jitter (seconds),4.213740067242675e-07,2.17946236489e-06,80.66614897727152
Round Robin,Estimated MOS (1-5),4.871958988867542,4.8713887717213975,0.011705432944594594
Round Robin,Throughput Stability (stddev),80.53937405576345,35.4299624218904,-127.31995336806283
Round Robin,Path Utilization Ratio (%),1.8879779113636364,,
Round Robin,Delivery Efficiency (%),0.0,0.0,
Round Robin,Buffer Length (ms),0.0,815.325,-100.0
Round Robin,Buffer Underruns,1.0,12.0,91.66666666666666
Frame Aware,Throughput (Mbps),54.37376384727273,29.553548754999998,83.983873808297
Frame Aware,Delay (seconds),0.032002094999999994,0.0321106175,0.3379645377420925
Frame Aware,Loss (%),0.0,0.0,
Frame Aware,Jitter (seconds),4.0630525672426747e-07,2.17946236489e-06,81.35754655507557
Frame Aware,Estimated MOS (1-5),4.871960155789017,4.8713887717213975,0.011729387540084452
Frame Aware,Throughput Stability (stddev),80.53937405576345,35.4299624218904,-127.31995336806283
Frame Aware,Path Utilization Ratio (%),1.8879779113636364,,
Frame Aware,Delivery Efficiency (%),0.0,0.0,
Frame Aware,Buffer Length (ms),0.0,815.325,-100.0
Frame Aware,Buffer Underruns,1.0,12.0,91.66666666666666
Buffer_Aware,Throughput (Mbps),54.37376384727273,29.553548754999998,83.983873808297
Buffer_Aware,Delay (seconds),0.0320020925,0.0321106175,0.3379723233288746
Buffer_Aware,Loss (%),0.0,0.0,
Buffer_Aware,Jitter (seconds),4.153465067242675e-07,2.17946236489e-06,80.94270800839314
Buffer_Aware,Estimated MOS (1-5),4.871959465636048,4.8713887717213975,0.011715220061344952
Buffer_Aware,Throughput Stability (stddev),80.53937405576345,35.4299624218904,-127.31995336806283
Buffer_Aware,Path Utilization Ratio (%),1.8879779113636364,,
Buffer_Aware,Delivery Efficiency (%),0.0,0.0,
Buffer_Aware,Buffer Length (ms),0.0,815.325,-100.0
Buffer_Aware,Buffer Underruns,1.0,12.0,91.66666666666666
