Strategy,Metric,Multipath-NADA,Aggregated-NADA,Improvement (%)
Dynamic RTT Weights,Throughput (Mbps),14.57335981818182,6.435941034375,126.4371245843313
Dynamic RTT Weights,Delay (seconds),0.08354715625,0.088888,6.008509303843028
Dynamic RTT Weights,Loss (%),1.971221875e-05,0.02131439375,99.90751686873571
Dynamic RTT Weights,Jitter (seconds),0.00027361519043063437,0.00014054720423625,-94.67850101856628
Dynamic RTT Weights,Estimated MOS (1-5),4.645747348158929,4.630330618062984,0.33295095680219244
Dynamic RTT Weights,Throughput Stability (stddev),21.453503641997575,7.05413082164368,-204.12681851849612
Dynamic RTT Weights,Path Utilization Ratio (%),14.720565472910929,,
Dynamic RTT Weights,Delivery Efficiency (%),0.0,0.0,
Dynamic RTT Weights,Buffer Length (ms),268.746,258.868,3.815844368558488
Dynamic RTT Weights,Buffer Underruns,9.0,40.0,77.5
Weighted Best Path,Throughput (Mbps),17.811884222222222,6.435941034375,176.75648560307155
Weighted Best Path,Delay (seconds),0.08418479333333333,0.088888,5.2911604116041175
Weighted Best Path,Loss (%),2.1026366666666666e-05,0.02131439375,99.90135132665142
Weighted Best Path,Jitter (seconds),0.00028947891312601,0.00014054720423625,-105.96561468374443
Weighted Best Path,Estimated MOS (1-5),4.6420482624585215,4.630330618062984,0.2530628018186672
Weighted Best Path,Throughput Stability (stddev),22.468928364382677,7.05413082164368,-218.52157172139317
Weighted Best Path,Path Utilization Ratio (%),17.99180224466891,,
Weighted Best Path,Delivery Efficiency (%),0.0,0.0,
Weighted Best Path,Buffer Length (ms),268.746,258.868,3.815844368558488
Weighted Best Path,Buffer Underruns,9.0,40.0,77.5
Round Robin,Throughput (Mbps),16.027514573599998,6.435941034375,149.0314079634268
Round Robin,Delay (seconds),0.08160240625,0.088888,8.196374932499324
Round Robin,Loss (%),1.971221875e-05,0.02131439375,99.90751686873571
Round Robin,Jitter (seconds),3.178638105471625e-05,0.00014054720423625,77.38383966621949
Round Robin,Estimated MOS (1-5),4.6712513537009706,4.630330618062984,0.8837540774810866
Round Robin,Throughput Stability (stddev),22.140194552490744,7.05413082164368,-213.8614113103713
Round Robin,Path Utilization Ratio (%),16.189408660202016,,
Round Robin,Delivery Efficiency (%),0.0,0.0,
Round Robin,Buffer Length (ms),0.0,258.868,-100.0
Round Robin,Buffer Underruns,1.0,40.0,97.5
Frame Aware,Throughput (Mbps),16.0275191064,6.435941034375,149.0314783929099
Frame Aware,Delay (seconds),0.08160240625,0.088888,8.196374932499324
Frame Aware,Loss (%),1.971221875e-05,0.02131439375,99.90751686873571
Frame Aware,Jitter (seconds),3.178638105471625e-05,0.00014054720423625,77.38383966621949
Frame Aware,Estimated MOS (1-5),4.6712513537009706,4.630330618062984,0.8837540774810866
Frame Aware,Throughput Stability (stddev),22.14019127241992,7.05413082164368,-213.861364811789
Frame Aware,Path Utilization Ratio (%),16.18941323878788,,
Frame Aware,Delivery Efficiency (%),0.0,0.0,
Frame Aware,Buffer Length (ms),0.0,258.868,-100.0
Frame Aware,Buffer Underruns,1.0,40.0,97.5
Buffer_Aware,Throughput (Mbps),16.027514573599998,6.435941034375,149.0314079634268
Buffer_Aware,Delay (seconds),0.08160240625,0.088888,8.196374932499324
Buffer_Aware,Loss (%),1.971221875e-05,0.02131439375,99.90751686873571
Buffer_Aware,Jitter (seconds),3.178638105471625e-05,0.00014054720423625,77.38383966621949
Buffer_Aware,Estimated MOS (1-5),4.6712513537009706,4.630330618062984,0.8837540774810866
Buffer_Aware,Throughput Stability (stddev),22.140194552490744,7.05413082164368,-213.8614113103713
Buffer_Aware,Path Utilization Ratio (%),16.189408660202016,,
Buffer_Aware,Delivery Efficiency (%),0.0,0.0,
Buffer_Aware,Buffer Length (ms),0.0,258.868,-100.0
Buffer_Aware,Buffer Underruns,1.0,40.0,97.5
