Strategy,Metric,Multipath-NADA,Aggregated-NADA,Improvement (%)
Dynamic RTT Weights,Throughput (Mbps),508.3923056363636,268.26771258611114,89.509315428026
Dynamic RTT Weights,Delay (seconds),0.003778576666666667,0.0038090480555555556,0.7999738634025836
Dynamic RTT Weights,Loss (%),0.0,0.0,
Dynamic RTT Weights,Jitter (seconds),3.2442786935379724e-07,1.0571471358222223e-06,69.31100143392382
Dynamic RTT Weights,Estimated MOS (1-5),4.984859837173831,4.984679558144851,0.0036166623526520713
Dynamic RTT Weights,Throughput Stability (stddev),784.4403302893832,350.94200977684636,-123.52420298390197
Dynamic RTT Weights,Path Utilization Ratio (%),4.707336163299662,,
Dynamic RTT Weights,Delivery Efficiency (%),0.0,0.0,
Dynamic RTT Weights,Buffer Length (ms),4920.73,1234.68,298.542942300839
Dynamic RTT Weights,Buffer Underruns,0.0,5.0,100.0
Weighted Best Path,Throughput (Mbps),621.3683724444444,268.26771258611114,131.62249622007405
Weighted Best Path,Delay (seconds),0.0038830485294117645,0.0038090480555555556,-1.9427550605006954
Weighted Best Path,Loss (%),0.0,0.0,
Weighted Best Path,Jitter (seconds),3.275995675510794e-07,1.0571471358222223e-06,69.01097714309364
Weighted Best Path,Estimated MOS (1-5),4.98444169968375,4.984679558144851,-0.004771790409516649
Weighted Best Path,Throughput Stability (stddev),825.766895041931,350.94200977684636,-135.30009860233366
Weighted Best Path,Path Utilization Ratio (%),5.753410855967077,,
Weighted Best Path,Delivery Efficiency (%),0.0,0.0,
Weighted Best Path,Buffer Length (ms),4920.73,1234.68,298.542942300839
Weighted Best Path,Buffer Underruns,0.0,5.0,100.0
Round Robin,Throughput (Mbps),507.88783359999996,268.26771258611114,89.32126743987995
Round Robin,Delay (seconds),0.0037785591666666665,0.0038090480555555556,0.8004332957789961
Round Robin,Loss (%),0.0,0.0,
Round Robin,Jitter (seconds),2.980425003330556e-07,1.0571471358222223e-06,71.8069046177526
Round Robin,Estimated MOS (1-5),4.984862010027005,4.984679558144851,0.0036602529816681627
Round Robin,Throughput Stability (stddev),784.7664385058675,350.94200977684636,-123.61712666000781
Round Robin,Path Utilization Ratio (%),4.702665125925925,,
Round Robin,Delivery Efficiency (%),0.0,0.0,
Round Robin,Buffer Length (ms),0.0,1234.68,-100.0
Round Robin,Buffer Underruns,1.0,5.0,80.0
Frame Aware,Throughput (Mbps),507.88783359999996,268.26771258611114,89.32126743987995
Frame Aware,Delay (seconds),0.0037785575,0.0038090480555555556,0.8004770512434152
Frame Aware,Loss (%),0.0,0.0,
Frame Aware,Jitter (seconds),2.9845297255527775e-07,1.0571471358222223e-06,71.76807632145277
Frame Aware,Estimated MOS (1-5),4.984861983979933,4.984679558144851,0.0036597304391104927
Frame Aware,Throughput Stability (stddev),784.7664385059762,350.94200977684636,-123.61712666003879
Frame Aware,Path Utilization Ratio (%),4.702665125925925,,
Frame Aware,Delivery Efficiency (%),0.0,0.0,
Frame Aware,Buffer Length (ms),0.0,1234.68,-100.0
Frame Aware,Buffer Underruns,1.0,5.0,80.0
Buffer_Aware,Throughput (Mbps),507.88783359999996,268.26771258611114,89.32126743987995
Buffer_Aware,Delay (seconds),0.0037785586111111114,0.0038090480555555556,0.8004478809337912
Buffer_Aware,Loss (%),0.0,0.0,
Buffer_Aware,Jitter (seconds),2.970772225552778e-07,1.0571471358222223e-06,71.89821430824588
Buffer_Aware,Estimated MOS (1-5),4.9848620891796465,4.984679558144851,0.003661840900025822
Buffer_Aware,Throughput Stability (stddev),784.7664385059159,350.94200977684636,-123.61712666002158
Buffer_Aware,Path Utilization Ratio (%),4.702665125925925,,
Buffer_Aware,Delivery Efficiency (%),0.0,0.0,
Buffer_Aware,Buffer Length (ms),0.0,1234.68,-100.0
Buffer_Aware,Buffer Underruns,1.0,5.0,80.0
