Strategy,Metric,Multipath-NADA,Aggregated-NADA,Improvement (%)
Dynamic RTT Weights,Throughput (Mbps),276.12202718181817,171.6714081875,60.84334024931917
Dynamic RTT Weights,Delay (seconds),0.0057508846875,0.0057676928125,0.29141851943939734
Dynamic RTT Weights,Loss (%),0.0,0.0,
Dynamic RTT Weights,Jitter (seconds),4.736915645743562e-07,2.7559900010625e-06,82.81229016100433
Dynamic RTT Weights,Estimated MOS (1-5),4.97695878385648,4.9767100212062125,0.004998536165607575
Dynamic RTT Weights,Throughput Stability (stddev),389.2896057279008,211.22780934686918,-84.29846284521476
Dynamic RTT Weights,Path Utilization Ratio (%),1.1363046386083053,,
Dynamic RTT Weights,Delivery Efficiency (%),0.0,0.0,
Dynamic RTT Weights,Buffer Length (ms),104305.0,56442.7,84.7980341124716
Dynamic RTT Weights,Buffer Underruns,0.0,0.0,
Weighted Best Path,Throughput (Mbps),337.48247555555554,171.6714081875,96.58630351942837
Weighted Best Path,Delay (seconds),0.005867481333333333,0.0057676928125,-1.7301289107676971
Weighted Best Path,Loss (%),0.0,0.0,
Weighted Best Path,Jitter (seconds),4.3633533554598e-07,2.7559900010625e-06,84.167746059392
Weighted Best Path,Estimated MOS (1-5),4.976495372654978,4.9767100212062125,-0.004313061245682711
Weighted Best Path,Throughput Stability (stddev),405.62128911986986,211.22780934686918,-92.0302494136916
Weighted Best Path,Path Utilization Ratio (%),1.3888167718335618,,
Weighted Best Path,Delivery Efficiency (%),0.0,0.0,
Weighted Best Path,Buffer Length (ms),104305.0,56442.7,84.7980341124716
Weighted Best Path,Buffer Underruns,0.0,0.0,
Round Robin,Throughput (Mbps),273.1734862927273,171.6714081875,59.125791054481525
Round Robin,Delay (seconds),0.0057507590625,0.0057676928125,0.2935966000703133
Round Robin,Loss (%),0.0,0.0,
Round Robin,Jitter (seconds),3.6695235207435625e-07,2.7559900010625e-06,86.68527999256574
Round Robin,Estimated MOS (1-5),4.9769677763822,4.9767100212062125,0.005179228343397762
Round Robin,Throughput Stability (stddev),391.32261600839706,211.22780934686918,-85.26093567811613
Round Robin,Path Utilization Ratio (%),1.1241707254844746,,
Round Robin,Delivery Efficiency (%),0.0,0.0,
Round Robin,Buffer Length (ms),78.2328,56442.7,-99.86139429899704
Round Robin,Buffer Underruns,1.0,0.0,
Frame Aware,Throughput (Mbps),273.17348630090913,171.6714081875,59.12579105924749
Frame Aware,Delay (seconds),0.005750759375,0.0057676928125,0.29359118195929396
Frame Aware,Loss (%),0.0,0.0,
Frame Aware,Jitter (seconds),3.6703868019935626e-07,2.7559900010625e-06,86.68214761091826
Frame Aware,Estimated MOS (1-5),4.976967768265674,4.9767100212062125,0.005179065253219811
Frame Aware,Throughput Stability (stddev),391.32261600496497,211.22780934686918,-85.26093567649129
Frame Aware,Path Utilization Ratio (%),1.1241707255181446,,
Frame Aware,Delivery Efficiency (%),0.0,0.0,
Frame Aware,Buffer Length (ms),78.2328,56442.7,-99.86139429899704
Frame Aware,Buffer Underruns,1.0,0.0,
Buffer_Aware,Throughput (Mbps),273.1734863018182,171.6714081875,59.12579105977702
Buffer_Aware,Delay (seconds),0.005750759375,0.0057676928125,0.29359118195929396
Buffer_Aware,Loss (%),0.0,0.0,
Buffer_Aware,Jitter (seconds),3.6711148957435627e-07,2.7559900010625e-06,86.67950575173255
Buffer_Aware,Estimated MOS (1-5),4.9769677624744215,4.9767100212062125,0.005178948886126169
Buffer_Aware,Throughput Stability (stddev),391.3226160024311,211.22780934686918,-85.2609356752917
Buffer_Aware,Path Utilization Ratio (%),1.1241707255218856,,
Buffer_Aware,Delivery Efficiency (%),0.0,0.0,
Buffer_Aware,Buffer Length (ms),78.2328,56442.7,-99.86139429899704
Buffer_Aware,Buffer Underruns,1.0,0.0,
