Strategy,Metric,Multipath-NADA,Aggregated-NADA,Improvement (%)
Dynamic RTT Weights,Throughput (Mbps),39.53866457272727,20.285445693181817,94.91149058665589
Dynamic RTT Weights,Delay (seconds),0.03964261818181818,0.039945240909090914,0.7575939470773309
Dynamic RTT Weights,Loss (%),0.0,0.0,
Dynamic RTT Weights,Jitter (seconds),2.2474954673302046e-06,7.256591862272727e-06,69.02822275268076
Dynamic RTT Weights,Estimated MOS (1-5),4.841256855363715,4.839661698319464,0.032960093983538157
Dynamic RTT Weights,Throughput Stability (stddev),51.314372811543194,21.350642322576004,-140.34111965467088
Dynamic RTT Weights,Path Utilization Ratio (%),3.6609874604377106,,
Dynamic RTT Weights,Delivery Efficiency (%),0.0,0.0,
Dynamic RTT Weights,Buffer Length (ms),343.355,472.54,-27.338426376603035
Dynamic RTT Weights,Buffer Underruns,9.0,14.0,35.714285714285715
Weighted Best Path,Throughput (Mbps),48.32503477777778,20.285445693181817,138.22515664036118
Weighted Best Path,Delay (seconds),0.03981492380952381,0.039945240909090914,0.3262393631914341
Weighted Best Path,Loss (%),0.0,0.0,
Weighted Best Path,Jitter (seconds),2.261893822917357e-06,7.256591862272727e-06,68.82980515030724
Weighted Best Path,Estimated MOS (1-5),4.84056655782649,4.839661698319464,0.018696751207630813
Weighted Best Path,Throughput Stability (stddev),52.85617601925731,21.350642322576004,-147.56246308977597
Weighted Best Path,Path Utilization Ratio (%),4.474540257201647,,
Weighted Best Path,Delivery Efficiency (%),0.0,0.0,
Weighted Best Path,Buffer Length (ms),343.355,472.54,-27.338426376603035
Weighted Best Path,Buffer Underruns,9.0,14.0,35.714285714285715
Round Robin,Throughput (Mbps),48.075459570666666,20.285445693181817,136.99484003363756
Round Robin,Delay (seconds),0.03964242954545454,0.039945240909090914,0.7580661844686882
Round Robin,Loss (%),0.0,0.0,
Round Robin,Jitter (seconds),1.8597727400573636e-06,7.256591862272727e-06,74.37126442612286
Round Robin,Estimated MOS (1-5),4.841287398071763,4.839661698319464,0.033591185781912176
Round Robin,Throughput Stability (stddev),53.08209949024996,21.350642322576004,-148.6206208143975
Round Robin,Path Utilization Ratio (%),4.451431441728395,,
Round Robin,Delivery Efficiency (%),0.0,0.0,
Round Robin,Buffer Length (ms),0.0,472.54,-100.0
Round Robin,Buffer Underruns,1.0,14.0,92.85714285714286
Frame Aware,Throughput (Mbps),43.267924947299996,20.285445693181817,113.29541190136565
Frame Aware,Delay (seconds),0.03964242954545454,0.039945240909090914,0.7580661844686882
Frame Aware,Loss (%),0.0,0.0,
Frame Aware,Jitter (seconds),1.8597727400573636e-06,7.256591862272727e-06,74.37126442612286
Frame Aware,Estimated MOS (1-5),4.841287398071763,4.839661698319464,0.033591185781912176
Frame Aware,Throughput Stability (stddev),52.38272482475984,21.350642322576004,-145.3449598065289
Frame Aware,Path Utilization Ratio (%),4.006289346972221,,
Frame Aware,Delivery Efficiency (%),0.0,0.0,
Frame Aware,Buffer Length (ms),0.0,472.54,-100.0
Frame Aware,Buffer Underruns,1.0,14.0,92.85714285714286
Buffer_Aware,Throughput (Mbps),48.075459570666666,20.285445693181817,136.99484003363756
Buffer_Aware,Delay (seconds),0.03964242954545454,0.039945240909090914,0.7580661844686882
Buffer_Aware,Loss (%),0.0,0.0,
Buffer_Aware,Jitter (seconds),1.8597727400573636e-06,7.256591862272727e-06,74.37126442612286
Buffer_Aware,Estimated MOS (1-5),4.841287398071763,4.839661698319464,0.033591185781912176
Buffer_Aware,Throughput Stability (stddev),53.08209949024996,21.350642322576004,-148.6206208143975
Buffer_Aware,Path Utilization Ratio (%),4.451431441728395,,
Buffer_Aware,Delivery Efficiency (%),0.0,0.0,
Buffer_Aware,Buffer Length (ms),0.0,472.54,-100.0
Buffer_Aware,Buffer Underruns,1.0,14.0,92.85714285714286
